{"metrics": {"states_counts": {"(0, 0, 0, 0)": 1, "(64, 0, 0, 0)": 1, "(0, 32, 0, 0)": 1, "(1, 128, 0, 0)": 1, "(8, 0, 128, 0)": 1, "(32, 0, 16, 0)": 1, "(0, 0, 2, 0)": 1, "(0, 0, 8, 0)": 1, "(0, 0, 128, 0)": 1, "(0, 0, 16, 0)": 1, "(0, 132, 0, 0)": 1, "(0, 4, 16, 0)": 1, "(0, 4, 0, 0)": 1, "(1, 2, 0, 0)": 1, "(0, 0, 0, 8)": 1, "(0, 0, 0, 1)": 1, "(1, 0, 0, 0)": 1, "(8, 0, 0, 0)": 1, "(0, 0, 8, 64)": 1, "(0, 0, 0, 32)": 1, "(0, 2, 0, 0)": 1, "(0, 0, 24, 0)": 1, "(0, 2, 16, 0)": 1, "(1, 0, 16, 0)": 1, "(0, 6, 0, 0)": 1, "(32, 0, 0, 0)": 1, "(0, 0, 0, 64)": 1, "(0, 0, 128, 8)": 1, "(0, 2, 0, 1)": 1, "(0, 0, 16, 64)": 1, "(0, 0, 0, 33)": 1, "(0, 0, 16, 32)": 1, "(0, 128, 0, 0)": 1, "(0, 2, 0, 32)": 1, "(32, 2, 0, 0)": 1}, "states_distribution": {"(0, 0, 0, 0)": 0.02857142857142857, "(64, 0, 0, 0)": 0.02857142857142857, "(0, 32, 0, 0)": 0.02857142857142857, "(1, 128, 0, 0)": 0.02857142857142857, "(8, 0, 128, 0)": 0.02857142857142857, "(32, 0, 16, 0)": 0.02857142857142857, "(0, 0, 2, 0)": 0.02857142857142857, "(0, 0, 8, 0)": 0.02857142857142857, "(0, 0, 128, 0)": 0.02857142857142857, "(0, 0, 16, 0)": 0.02857142857142857, "(0, 132, 0, 0)": 0.02857142857142857, "(0, 4, 16, 0)": 0.02857142857142857, "(0, 4, 0, 0)": 0.02857142857142857, "(1, 2, 0, 0)": 0.02857142857142857, "(0, 0, 0, 8)": 0.02857142857142857, "(0, 0, 0, 1)": 0.02857142857142857, "(1, 0, 0, 0)": 0.02857142857142857, "(8, 0, 0, 0)": 0.02857142857142857, "(0, 0, 8, 64)": 0.02857142857142857, "(0, 0, 0, 32)": 0.02857142857142857, "(0, 2, 0, 0)": 0.02857142857142857, "(0, 0, 24, 0)": 0.02857142857142857, "(0, 2, 16, 0)": 0.02857142857142857, "(1, 0, 16, 0)": 0.02857142857142857, "(0, 6, 0, 0)": 0.02857142857142857, "(32, 0, 0, 0)": 0.02857142857142857, "(0, 0, 0, 64)": 0.02857142857142857, "(0, 0, 128, 8)": 0.02857142857142857, "(0, 2, 0, 1)": 0.02857142857142857, "(0, 0, 16, 64)": 0.02857142857142857, "(0, 0, 0, 33)": 0.02857142857142857, "(0, 0, 16, 32)": 0.02857142857142857, "(0, 128, 0, 0)": 0.02857142857142857, "(0, 2, 0, 32)": 0.02857142857142857, "(32, 2, 0, 0)": 0.02857142857142857}, "entropy_score": 1.2867125522970417, "num_states": 35}}