{"metrics": {"states_counts": {"(8, 0, 0, 0)": 1, "(32, 0, 0, 0)": 1, "(0, 32, 0, 0)": 1, "(0, 132, 0, 0)": 1, "(8, 0, 128, 0)": 1, "(32, 0, 16, 0)": 1, "(0, 0, 0, 0)": 1, "(0, 0, 16, 0)": 1, "(0, 0, 128, 8)": 1, "(0, 2, 0, 1)": 1, "(0, 0, 0, 8)": 1, "(0, 0, 0, 1)": 1, "(1, 2, 0, 0)": 1, "(0, 0, 2, 0)": 1, "(0, 0, 0, 64)": 1, "(0, 0, 16, 32)": 1, "(0, 4, 0, 0)": 1, "(1, 0, 16, 0)": 1, "(0, 0, 0, 32)": 1, "(0, 0, 128, 0)": 1, "(0, 2, 16, 0)": 1, "(0, 0, 8, 64)": 1, "(0, 0, 0, 33)": 1, "(0, 128, 0, 0)": 1, "(0, 0, 16, 64)": 1, "(0, 2, 0, 32)": 1, "(0, 0, 24, 0)": 1, "(0, 2, 0, 0)": 1}, "states_distribution": {"(8, 0, 0, 0)": 0.03571428571428571, "(32, 0, 0, 0)": 0.03571428571428571, "(0, 32, 0, 0)": 0.03571428571428571, "(0, 132, 0, 0)": 0.03571428571428571, "(8, 0, 128, 0)": 0.03571428571428571, "(32, 0, 16, 0)": 0.03571428571428571, "(0, 0, 0, 0)": 0.03571428571428571, "(0, 0, 16, 0)": 0.03571428571428571, "(0, 0, 128, 8)": 0.03571428571428571, "(0, 2, 0, 1)": 0.03571428571428571, "(0, 0, 0, 8)": 0.03571428571428571, "(0, 0, 0, 1)": 0.03571428571428571, "(1, 2, 0, 0)": 0.03571428571428571, "(0, 0, 2, 0)": 0.03571428571428571, "(0, 0, 0, 64)": 0.03571428571428571, "(0, 0, 16, 32)": 0.03571428571428571, "(0, 4, 0, 0)": 0.03571428571428571, "(1, 0, 16, 0)": 0.03571428571428571, "(0, 0, 0, 32)": 0.03571428571428571, "(0, 0, 128, 0)": 0.03571428571428571, "(0, 2, 16, 0)": 0.03571428571428571, "(0, 0, 8, 64)": 0.03571428571428571, "(0, 0, 0, 33)": 0.03571428571428571, "(0, 128, 0, 0)": 0.03571428571428571, "(0, 0, 16, 64)": 0.03571428571428571, "(0, 2, 0, 32)": 0.03571428571428571, "(0, 0, 24, 0)": 0.03571428571428571, "(0, 2, 0, 0)": 0.03571428571428571}, "entropy_score": 1.3728782145675837, "num_states": 28}}