{"metrics": {"states_counts": {"(0, 0, 0, 0)": 1, "(0, 0, 4, 0)": 1, "(0, 0, 0, 32)": 1, "(0, 0, 0, 136)": 1, "(0, 8, 0, 2)": 1, "(0, 32, 0, 0)": 1, "(0, 2, 0, 128)": 1, "(0, 8, 2, 0)": 1, "(128, 0, 0, 32)": 1, "(32, 0, 0, 128)": 1, "(8, 0, 8, 0)": 1, "(128, 0, 2, 0)": 1, "(8, 0, 0, 0)": 1, "(0, 128, 0, 128)": 1, "(0, 0, 0, 160)": 1, "(0, 0, 2, 8)": 1, "(0, 0, 0, 10)": 1, "(0, 0, 8, 0)": 1, "(0, 10, 0, 0)": 1, "(0, 136, 0, 0)": 1, "(8, 0, 128, 0)": 1, "(0, 8, 128, 0)": 1, "(0, 128, 2, 0)": 1, "(0, 128, 128, 0)": 1, "(0, 8, 0, 0)": 1, "(0, 128, 0, 0)": 1, "(128, 128, 0, 0)": 1, "(128, 0, 0, 0)": 1, "(136, 0, 0, 0)": 1, "(0, 0, 128, 0)": 1, "(8, 128, 0, 0)": 1, "(128, 8, 0, 0)": 1, "(8, 8, 0, 0)": 1, "(128, 0, 128, 0)": 1}, "states_distribution": {"(0, 0, 0, 0)": 0.029411764705882353, "(0, 0, 4, 0)": 0.029411764705882353, "(0, 0, 0, 32)": 0.029411764705882353, "(0, 0, 0, 136)": 0.029411764705882353, "(0, 8, 0, 2)": 0.029411764705882353, "(0, 32, 0, 0)": 0.029411764705882353, "(0, 2, 0, 128)": 0.029411764705882353, "(0, 8, 2, 0)": 0.029411764705882353, "(128, 0, 0, 32)": 0.029411764705882353, "(32, 0, 0, 128)": 0.029411764705882353, "(8, 0, 8, 0)": 0.029411764705882353, "(128, 0, 2, 0)": 0.029411764705882353, "(8, 0, 0, 0)": 0.029411764705882353, "(0, 128, 0, 128)": 0.029411764705882353, "(0, 0, 0, 160)": 0.029411764705882353, "(0, 0, 2, 8)": 0.029411764705882353, "(0, 0, 0, 10)": 0.029411764705882353, "(0, 0, 8, 0)": 0.029411764705882353, "(0, 10, 0, 0)": 0.029411764705882353, "(0, 136, 0, 0)": 0.029411764705882353, "(8, 0, 128, 0)": 0.029411764705882353, "(0, 8, 128, 0)": 0.029411764705882353, "(0, 128, 2, 0)": 0.029411764705882353, "(0, 128, 128, 0)": 0.029411764705882353, "(0, 8, 0, 0)": 0.029411764705882353, "(0, 128, 0, 0)": 0.029411764705882353, "(128, 128, 0, 0)": 0.029411764705882353, "(128, 0, 0, 0)": 0.029411764705882353, "(136, 0, 0, 0)": 0.029411764705882353, "(0, 0, 128, 0)": 0.029411764705882353, "(8, 128, 0, 0)": 0.029411764705882353, "(128, 8, 0, 0)": 0.029411764705882353, "(8, 8, 0, 0)": 0.029411764705882353, "(128, 0, 128, 0)": 0.029411764705882353}, "entropy_score": 1.297289640854669, "num_states": 34}}