{"k": [1, 10, 100], "k_states": ["111", "11", "101", "1", "110", "10", "100", "0"], "rule": [0, 0, 0, 0, 0, 0, 0, 1], "confidence_scores": {"0": 0.8554522400676247, "1": 0.06774116332881194, "10": 0.08856618527088486, "100": 0.08322029841219182, "101": 0.00023936806829968882}}